id,kategori,opus_karar,guven,kapatildi,soru,isaretli,gerekce
2d74846f-3935-4980-a0d0-d239753ab194,bilim,dogru,0.98,hayir,Vücuttan kalbe kan taşıyan damarlara ne denir?,Toplardamar,Vücuttan kalbe kan taşıyan damarlar toplardamarlardır.
51b746ee-689b-4e91-b404-5658b8b21904,bilim,dogru,0.85,hayir,Kemik erimesini önlemede etkili vitamin hangisidir?,D vitamini,Kemik erimesini önlemede ders kitabı cevabı D vitaminidir. K vitamininin de kemik sağlığına katkısı vardır ama yaygın kabul gören cevap D vitaminidir.
5cc7a98f-4ec6-482c-a8c3-7250d341d354,bilim,dogru,0.95,hayir,Oda sıcaklığında sıvı olan tek metal hangisidir?,Cıva,"Cıva oda sıcaklığında sıvıdır. Galyum yaklaşık 29,8°C'de erir, bu yüzden oda sıcaklığında katıdır."
a8732fac-0b7a-41c7-b9f0-4a903a20e109,bilim,dogru,0.85,hayir,Baskın (dominant) gen ne anlama gelir?,Etkisini her durumda gösteren gen,"Baskın gen, heterozigot durumda da etkisini gösteren gendir. Şık bu tanımı yaygın sadeleştirilmiş biçimde ifade ediyor."
ab084585-f9d9-45d5-aa58-d11f06c3cc3f,bilim,dogru,0.92,hayir,İstemsiz çalışan kas türü hangisidir?,Düz kas,"Düz kas istemsiz çalışır. Kol, iskelet ve çizgili (iskelet anlamında) kaslar istemlidir."
b467c2c9-4a3c-4320-9561-987c0523e1ee,bilim,dogru,0.95,hayir,'Kızılötesi' ışınım hangi duyuyla algılanabilir?,Sıcaklık olarak,Kızılötesi ışınım deride sıcaklık olarak algılanır.
cd466899-82b2-4695-9626-03749342b9ba,bilim,dogru,0.97,hayir,'Mercek' türlerinden ince kenarlı olan ne yapar?,Işığı toplar,İnce kenarlı mercek (yakınsak/tümsek) ışığı toplar.
13900d7a-9c3b-480d-b01a-66443c761b37,cografya,dogru,0.97,hayir,Kaçkar Dağları hangi bölgemizdedir?,Karadeniz,"Kaçkar Dağları Doğu Karadeniz'de, Rize-Artvin arasındadır."
1badd06f-ace5-4cf8-a647-81021955fef7,cografya,dogru,0.98,hayir,Akdeniz'e kıyısı olmayan ülke hangisidir?,Portekiz,Portekiz'in yalnızca Atlas Okyanusu'na kıyısı vardır; diğer üç ülke Akdeniz'e kıyıdır.
2d897c5c-d113-4e57-afdb-e285076f171c,cografya,dogru,0.98,hayir,Marmara Denizi'ni Ege'ye bağlayan boğaz hangisidir?,Çanakkale Boğazı,Marmara Denizi'ni Ege'ye Çanakkale Boğazı bağlar.
794e2423-56a5-4c6c-b8d4-ca0c167d95b1,cografya,dogru,0.95,hayir,Aynı boylam üzerindeki iki nokta için ortak olan nedir?,Yerel saat,Aynı boylam üzerindeki noktaların yerel saati aynıdır.
ad408066-eee4-419f-8e87-86d2833f179c,cografya,dogru,0.75,hayir,Volkanik dağların tepesindeki çukurluğa ne denir?,Krater,"Volkan tepesindeki çukurluğa ders kitaplarında krater denir. Kaldera, çökme sonucu oluşan daha büyük bir çanaktır."
d41a2ebc-6727-4dc3-85ec-976c2f4e08a2,cografya,dogru,0.85,hayir,Türkiye'de fındık üretimiyle ünlü il hangisidir?,Giresun,Giresun fındığıyla ünlüdür. Rize çay ile bilinir. Üretimde lider olan Ordu şıklarda yoktur.
f8fe8aee-fbdb-4091-8e00-95ec1f0e6eed,cografya,dogru,0.90,hayir,Fay kaynaklarının en belirgin özelliği nedir?,Sıcak ve mineralli olması,Fay kaynakları derinden geldiği için genellikle sıcak ve mineralli olur.
213ee1b2-89d5-4c8d-a221-d916cef10f0f,edebiyat,dogru,0.75,hayir,Sıfat tamlamasında tamlayan ne görevindedir?,Niteleyici,"Sıfat tamlamasında tamlayan, isimi niteleyen ya da belirten bir sıfattır. Ad değildir; bu yüzden A en uygun şıktır."
27343be7-aa69-4e30-98bc-709c95540ee6,edebiyat,dogru,0.60,hayir,Hansel ve Gretel masalında kardeşler ormanda yollarını bulmak için ne bırakır?,Ekmek kırıntıları,Yaygın bilinen cevap ekmek kırıntılarıdır. Masalda ilk seferde beyaz çakıl taşları bırakılır ama bunlar 'renkli' değildir.
84e35851-58bd-45a1-b47b-53d863232edf,edebiyat,dogru,0.90,hayir,Şiirde 'ahenk' neyle sağlanır?,"Ölçü, kafiye ve ses yinelemeleriyle","Şiirde ahenk ölçü, kafiye, redif ve ses yinelemeleriyle sağlanır."
98bf6c21-9aa0-479c-8f22-2d5e704d4c09,genel_kultur,dogru,0.95,hayir,Hangi ülkenin bayrağı sadece kırmızı ve beyazdan oluşur?,Polonya,Polonya bayrağı beyaz ve kırmızıdan oluşur; diğer bayraklarda başka renkler de vardır.
f9373392-1b00-4d78-9817-7b30ca2bf47e,genel_kultur,dogru,0.90,hayir,"Yufka, ceviz ve şerbetle yapılan tatlı hangisidir?",Baklava,"Baklava yufka, ceviz ve şerbetle yapılır. Kadayıf tel kadayıfla yapılır."
6e183e4c-df34-4b4c-b7f8-5b4f3f075f8a,muzik,dogru,0.75,hayir,Beşinci Senfoni hangi bestecinin eseridir?,Beethoven,Ünlü Beşinci Senfoni Beethoven'ındır. Çaykovski ve Mozart'ın da 5. senfonisi vardır ama yaygın kabul gören cevap Beethoven'dır.
79c6c3da-9f36-41f3-a971-17fd01d5773e,muzik,cift,0.50,hayir,Gitar tellerini titretmek için kullanılan parçaya ne denir?,Pena,"Gitarda kullanılan parçaya pena denir. Ancak TDK'ya göre mızrap da telli çalgıları çalmaya yarayan parçanın genel adıdır, bu yüzden itiraz edilebilir."
f8824e04-9a02-40b4-ba50-55aee7211d4a,muzik,dogru,0.85,hayir,'Gitar' klasik türde neyle çalınır?,Parmak ucuyla,Klasik gitar pena yerine parmaklarla (parmak ucu ve tırnak) çalınır.
031ab159-a11f-4290-9631-3dc9a5807729,sanat,dogru,0.93,hayir,Gotik mimarinin simgesi olan Paris'teki katedral hangisidir?,Notre Dame,"Paris'teki Gotik mimarinin simgesi Notre Dame'dır. Saint-Denis Paris dışındadır, Chartres başka bir şehirdedir, Sacré-Cœur ise Roma-Bizans üslubundadır."
78652d62-0bd3-4d59-9501-538f1d36a534,sanat,dogru,0.97,hayir,Venedik Karnavalı'nda katılımcılar yüzlerine ne takar?,Maske,Venedik Karnavalı'nın simgesi maskelerdir.
f26a040e-a292-4606-9169-dd3921065138,sanat,dogru,0.88,hayir,Tiyatroda sahneyi düzenleyen öğelere ne denir?,Dekor,Sahneyi düzenleyen görsel öğelere dekor denir.
20add12c-498b-4e46-b48a-db3357db797b,sinema,dogru,0.75,hayir,Bir filmin başrol oyuncusuna ne ad verilir?,Protagonist,Protagonist ana karakter anlamına gelir; şıklar arasında başrolü karşılayan tek seçenek budur.
03b1ea90-e787-4711-b3ed-2ab5116c69cb,spor,dogru,0.82,hayir,Ritmik jimnastikte kullanılan araçlardan biri hangisidir?,Kurdele,"Kurdele ritmik jimnastik aletidir. Halka, paralel bar ve atlama beygiri artistik jimnastiğe aittir; ritmikteki alet ise çemberdir."
26b78055-0bd4-4dc5-97f9-05c27a9612ce,spor,dogru,0.65,hayir,Galibiyette takıma kaç puan verilir?,3,Futbolda galibiyet 3 puandır. Ancak soruda spor dalı belirtilmediği için ifade belirsizdir.
3f400960-fdb2-4fb3-bc94-d8f142c20256,spor,dogru,0.95,hayir,Basketbol hangi ülkede icat edilmiştir?,ABD,Basketbol 1891'de ABD'nin Springfield kentinde James Naismith tarafından icat edildi.
524359b2-5d1a-4b0f-a800-5e07707f1639,spor,dogru,0.85,hayir,Futbolda uzatma devresi kaç dakikadır?,15,Uzatmanın her devresi 15 dakikadır (toplam 30 dakika).
0b719425-751c-4ae9-ad35-4f19878144ef,tarih,dogru,0.90,hayir,Rus Devrimi hangi yıl gerçekleşmiştir?,1917,Rus Devrimi denince 1917 kastedilir. 1905 devrimi ayrı bir olaydır.
48caf2da-002c-41c8-a892-846fc067dced,tarih,dogru,0.97,hayir,Osmanlı Devleti I. Dünya Savaşı'nda hangi blokta yer almıştır?,İttifak Devletleri,"Osmanlı Devleti, Almanya ve Avusturya-Macaristan ile birlikte İttifak Devletleri'nde yer aldı."
4ccf14d9-5633-4bf8-8413-d10f31ff104a,tarih,dogru,0.96,hayir,Ankara hangi yıl başkent olmuştur?,1923,Ankara 13 Ekim 1923'te başkent ilan edildi.
b7e2bf68-5d4c-4296-9f79-c3bd2ec9e312,tarih,dogru,0.95,hayir,Birinci Dünya Savaşı'nda Osmanlı hangi cephede başarı kazanmıştır?,Çanakkale,"Osmanlı, Birinci Dünya Savaşı'nda Çanakkale Cephesi'nde başarı kazandı. Kafkas, Kanal ve Filistin cephelerinde ise yenildi."
f39de106-a805-4624-8a26-ed107dc75298,tarih,dogru,0.80,hayir,Coğrafi Keşifleri hızlandıran teknik gelişme nedir?,Pusula ve gemicilik bilgisi,"Pusula ve gemicilik bilgisindeki gelişme, keşifleri hızlandıran temel teknik etkendir. Barut bazı kaynaklarda yardımcı etken olarak geçse de en net cevap A'dır; buhar makinesi ise keşiflerden sonraki bir gelişmedir."
